name,auc_roc
all_algorithm,0.9447339773178101
remove_dmpnn,0.9420738816261292
remove_lr,0.9401652812957764
remove_fcnn,0.9447107911109924
remove_xgb,0.9401756525039673
