name,auc_roc
all_algorithm,0.9450051784515381
remove_dmpnn,0.9414849877357483
remove_lr,0.9394266605377197
remove_fcnn,0.9446435570716858
remove_xgb,0.940599262714386
