name,auc_roc
all_algorithm,0.9445222616195679
remove_dmpnn,0.9412396550178528
remove_lr,0.9373295903205872
remove_fcnn,0.9433884024620056
remove_xgb,0.940903902053833
